text,actual,predict,predict_prob
"John and Karen were a devoted satanic couple They regularly had to perform a ritual, offering some of their blood, otherwise satan would take their souls away imediately.

So one day, Karen went to the store to buy some salt and scented candles for performing the said ritual.

3 hours passed, until she finally came back home with a plastic bag and a huge smile in her face. John was very worried, and at the same time confused to what was she so happy about. So he asks: â€œMy dear, what took you so long?â€

â€œWell, I went straight to that stupid Chinese manager, as usual, to ask him why wasnâ€™t the salt and the scented candles placed where I wanted them to be. However, he definitely changed his attitude compared to last time! He immediately apologized, remembered me that today is the day that Satanâ€™s birthday is celebrated all over China, and we both ended up doing the ritual over there on the back of the store. After it was over, he gave me this plastic bag with everything I would need.â€

So John looks inside the plastic bag, only to find sugar, flour and some small birthday candles.

â€œbut Karen, these are not exactly the ritual materials, he seems to have fooled you! how am I going to perform the ritual with these?!â€

â€œOh donâ€™t worry dear, thatâ€™s going to be a piece of cakeâ€",1,0,0.15471432678554503
"But will this work on my grill? I used to work for a major home improvement company associated with the color orange.  I was a cashier who also had some knowledge of the paint department.  A customer (c) came up to me with a question about paint.  The following conversation ensues (condensed and recalled from memory):

C:  I have a question about paint, can you help me?

Me:  Sure, how can I help you?

C:  This paint says it works on grills, so this should work on my outdoor grill, right?

The paint that she gave me was a paint that was designed for a car grill, not high heat outdoor paint.  This was also automotive paint as there was a picture of a car on the spray can

Me:  I'm afraid not, this is for the grill of a car.

C:  But it says grills on it.

Me:  Yes, but this is not for an outdoor grill, it's for an automotive grill.

C:  But it says grills.

At this point, I can tell that this is going nowhere, so I change tactics. 

Me:  This is automotive paint.  If you are looking for paint for your grill, look for high heat outdoor paint.

With that, she finally understands that she needs a different paint.  I would think that the car on the can or the term automotive on the can would give that away.  Some customers are just really dense.",0,1,0.6986775856333454
"Did you know GTA V was a racing game? This is my sister's actually, she wanted me to post it for her.

My sister used to work for GameStop and of course there would always be kids coming in and wanting to buy M rated games. Following procedure my sister tells all of the kids that they need their parents present and permission to buy the game. One day she had a kid come in and want to buy GTA V, after she explained the procedure to him he fought her for another 5 minutes until he went and got his mom. Well mom comes over.

Mom: ""Why won't you sell my son this game? I demand to know why you won't provide him proper service, this is ridiculous for you to not sell him this game.""
Sis: ""Ma'am, this game is rated M for language, violence, sexual content, sexual violence, drug use and unlawful activity."" 

The mom just looks at her then at the kid then drags the kid out yelling at him for lying to her about it being a racing game and she was going to talk to his friends parents about this because their kid has the game and this has this look of vengeance on his face when he looks back at her.",0,1,0.5009148263736332
"Dumb Thief This is gonna be short...but I have to share it.

A guy was showing interest in a jacket, but didn't have the money for it, so we explained the benefits of the credit card to him. He applied. Awesome for us. Awesome for him. He gets to buy the jacket. 

Except... We hear the alarm go off, and look to see him running out of the store with the jacket he hadn't purchased. Sensor still attached.

This idiot put in his social security number, home address, phone number, everything! And he steals a jacket. We have this idiots home address. We have a credit card on file for him. I didn't know this level of stupidity existed in the world. Yet, here we are.",0,1,0.6158425232454586
"Weekly TFR Express Lane Checkout - Post your very short anecdotes and experiences here for quick service! Welcome to /r/TalesFromRetail's Express Lane! Your weekly thread for small anecdotal stories, rants, and general retail nonsense that wouldn't fit elsewhere in this sub.  

Please remember all rules regarding anonymity and derogatory speech.

*(All comments will be sorted by ""new"")*",0,1,0.6652023956054552
"What do you mean you can change tracks for trains? I have to travel a long way to work every day. The weather here in Toronto was really bad a few days ago to Go Trains were running slow. My train was 30 mins late because of track conditions.   
When I finally get into one, this lady is talking to the transit officer about how she saw a train go west on the same track just 10 minutes before the scheduled time so there was no way the train could have come back east in time. She had no idea that they can send a different train and change tracks for them lmao.  


Lady: Do you think we passengers are stupid? I saw the train go west. I knew it would have never made back in time. Why can't you people plan better.  
Officer: Ma'am, we know trains cannot make back in time. Which is why you get a different train not the same one.  
Lady: Even if it is a different one, two trains cannot run on the same track now can they?  
Officer: We can change tracks for the trains ma'am.  
Lady: What do you mean you can change tracks?  


And he worked his very hard to explain how the railway system works. Poor guy. I had a good laugh though.",0,1,0.5396437345198609
"Daughter plays mom like a fiddle Daughter plays mom like a fiddle

Kind of a funny story ....
Kid whaling in line for about roughly 29 mins.

They finally get to my register and mom buys a couple of items and small 2yo-ish kid crying- tears and all about wanting to buy play doh.

Mom tires to comfort her about Santa maybe bringing in a couple days for Christmas.

Daughter wants to call daddy, and mom says ok you need to calm down and stop crying before we call daddy.
Daughter says ok!
Calls daddy. Daughter calms down
 FaceTime: daughter: Daddy! 
Mom says daughter wanted to call you!!
Dad: hi honey.... 
daughter: starts sobbing again: I WANT PLAY DOH!!!
(I start laughing)
Mom ends call.
SHE PLAYED ME LIKE A FIDDLE!! 

Me in sincerest voice possible; im sorry but that was funny!",0,1,0.6753533640451712
"Salt and Pepper I used to work in a really cool local costume place. It was a seasonal job and one of my favorites.


We had a couple come in (husband was black, wife was white) and start checking out the couple costumes. The wife starts busting up once she sees the salt and pepper costumes, telling her husband ""I should be pepper to really throw people off!"" Her husband overheard me laughing and told me, ""Don't encourage my stupid wife!"" 


Such a small moment but one I still remember years later.",0,1,0.833432621611369
"A pound of brains Did you know there is a place in Africa where they literally sell human brains for consumption? It's like a delicacy or something over there. Crazy right? They have brains from all over the world you can buy for all kinds of different prices. You just pay by the pound. Well do you know where the most expensive brains you can buy are from?? Alabama. That's right, and I'll tell you why.




Do you know how many people in Alabama you'd have to collect to come up with a pound of brains? Its alot.",1,0,0.4800405540929765
The Urination Station Is apparently now the fitting room of my store. On top of about 12 pairs of pants. That was a fun call to LP.,0,1,0.7579374806514856
"Sometimes you have to see the world with rose tinted glasses. I run a small online store, we sell custom hair extensions.

Client orders, to put it in her words ""The blondest blonde you have to match my hair color that is really blonde you know like blonde blonde""

So we dye the hair to lightest ash blonde, manufacture to specification and courier it out.

Client sends an email ""I'm soooo upset, I ordered blonde this is NOT blonde""

I reply that I personally did the color work, I know it was as blonde as possible, please send a picture of the item she received to make sure the right item was dispatched.

She sends a picture of exactly the correct, lightest ash blonde item we make.

Now I'm confused, need to understand this further and phone her.

She answers and packs out laughing ""What's wrong?"" I ask, ""Nothing, all good"" she says.

""Please I need to understand what was wrong with the color?""

Then she answered with the blondest line I've ever heard.

""I had my sunglasses on"" ",0,1,0.7229167804872875
Click the link https://imgur.com/gallery/0ZqXYcw,1,0,0.362536836971146
"When I was at work... I was underneath the sink, and my co-worker said that I was going to get an STD. 
He was right. The sink was nice about it though, apparently she's Russian.",1,0,0.3085779018008439
"I bought some diet Cokes for myself, and some regular Cokes for my family... The grocery store probably thinks I'm a suicidal diabetic.",1,0,0.4979955855872366
"So I went to the store the other day looking for something in paticular. After looking all throughout the store, I could not find it. So I asked an employee if they had it.

""Sorry,"" he said, ""we just sold out.""

""You don't have it anymore?"" I replied.

""Sorry, we don't have it right now. We do have it Chapter 2 though.""",1,0,0.15082344959102667
"Not a long or shocking tale, but definitely an experience that disgusted me. An old lady came in and gave her finger the loudest, wettest lick before sorting her money and handing it to me. I know this isnâ€™t the grossest thing on money, but hearing that and then having to touch it nearly made me vomit. Iâ€™d rather deal with 100 entitled customers than touch a wet bill.",0,1,0.5898133065993332
"Why. I worked at a Walgreens.

A co worker and I suspected that a person was shoplifting so we followed her around the corner.

She had popped a squat in a dog bed and urinated.

We asked her why as we kicked her out.

She said it was because she was on her period.

WHAT",0,1,0.8570068017941116
"Attractive women sits in a dark bar when the waiter beings over a drink and motions that its from the gentleman in the corner The women looks at the man and asks the waiter for a pen and paper. She writes something and sends a note back to the gentleman that had sent the drink. 

The gentleman opens the note and it reads: 

For me to be able to accept this drink and come and enjoy it with you there are a few things that i need to know first. I am not looking to waste my time with people that i do t think i have a furure with. Thus i need to onow whether you meet the following requirements 

1. I need someone that has a salary of atleast 7 figures 
2. Drives a luxury german car
3. And has a 7 inch penis

If you dont have all of the requirements, please let me know and then we dont waste each others time

The gentleman asks the waiter for the pen and writes on the note and send it back to the woman. 

She opens and it reads: 

I fully understand where you are coming from. Beauty fades over time so I understand that you have requirements. So on the points above please see my response

1.  Im am a CEO of a fortune 500 company and have a salary that is more that 7 figures, closer to 9
2. I unfortunately dont drive a german car, but i do drive a luxury italian car that I personally think isnt to bad. I have 6 ferrariâ€™s and a lamborgini
3. As for the last point. This is where we hit a snag. And why we wont be able to enjoy the drink together. 

I will not cut of 2 inches, no matter how beautiful you are",1,0,0.47516359150738646
"Dear women shopplifters: I am a woman. I carry a purse. Normal woman don't carry empty deflated purses around with them. I know it serves no purpose other than for your own goodie bag, so I will continue to tail you around the store. ",0,1,0.5228959261448742
"Two people in Bakery aren't enough for one man So, this happened last night. I work in Deli, and we're located right next to the Bakery. A wall that holds displays circles around the Bakery and separates them from us. There's a large opens space where carts go through for produce which is also in the area, and then there's the meat/cheese slicing side which is open. Unfortunately, many people seem to think this is side is where they can get Bakery personnel attention instead of the front counter. So, this happened:

A gentleman examining bread.

Gentleman: How much is this bread?

Me: I don't know, that's the Bakery department

Gentleman: You're not Bakery?

Me: No, I'm in Deli. *I gesture toward Bakery*. That's bakery.

Gentleman: Is there anyone in there? *Just as two of my co-workers, one of whom works in Bakery, walks by.*

Me:  Yeah, she is and that lady on the phone over there is too.

Gentleman: Is there anyone in Bakery. Someone needs help in Bakery! 

He repeats this question several times before one of my co-workers comes to his aid. Seriously, dude, are you blind?",0,1,0.7243842217930094
"Littlâ€Œâ€Œe Jâ€Œâ€Œohnnâ€Œâ€Œy wâ€Œâ€Œaâ€Œâ€Œs tâ€Œâ€Œolâ€Œâ€Œd bâ€Œâ€Œâ€Œâ€Œy hâ€Œâ€Œiâ€Œâ€Œs fâ€Œâ€Œriendâ€Œâ€Œs tâ€Œâ€Œhaâ€Œâ€Œt aâ€Œâ€Œdultâ€Œâ€Œs hâ€Œâ€Œavâ€Œâ€Œe aâ€Œâ€Œâ€Œâ€Œ dâ€Œâ€Œeeâ€Œâ€Œp dâ€Œâ€Œarâ€Œâ€Œk sâ€Œâ€Œecreâ€Œâ€Œt aâ€Œâ€Œnâ€Œâ€Œd câ€Œâ€Œaâ€Œâ€Œn bâ€Œâ€Œâ€Œâ€Œe eâ€Œâ€Œasilâ€Œâ€Œy mâ€Œâ€Œanipulated. Johnnâ€Œâ€Œy dâ€Œâ€Œecideâ€Œâ€Œs tâ€Œâ€Œâ€Œâ€Œo tâ€Œâ€Œesâ€Œâ€Œt iâ€Œâ€Œtâ€Œâ€Œ. Hâ€Œâ€Œâ€Œâ€Œe câ€Œâ€Œomeâ€Œâ€Œs hâ€Œâ€Œomeâ€Œâ€Œ, gâ€Œâ€Œoeâ€Œâ€Œs uâ€Œâ€Œâ€Œâ€Œp tâ€Œâ€Œâ€Œâ€Œo hâ€Œâ€Œiâ€Œâ€Œs mâ€Œâ€Œotheâ€Œâ€Œr aâ€Œâ€Œnâ€Œâ€Œd sâ€Œâ€Œaysâ€Œâ€Œ, ""â€Œâ€ŒMomâ€Œâ€Œ, Iâ€Œâ€Œâ€Œâ€Œ kâ€Œâ€Œnoâ€Œâ€Œw eâ€Œâ€Œverything.â€Œâ€Œ"" Mâ€Œâ€Œoâ€Œâ€Œm sâ€Œâ€Œhusheâ€Œâ€Œs hâ€Œâ€Œiâ€Œâ€Œm aâ€Œâ€Œnâ€Œâ€Œd gâ€Œâ€Œiveâ€Œâ€Œs hâ€Œâ€Œiâ€Œâ€Œm $â€Œâ€Œ10.

""Jusâ€Œâ€Œt dâ€Œâ€Œon'â€Œâ€Œt tâ€Œâ€Œelâ€Œâ€Œl Dâ€Œâ€Œadâ€Œâ€Œ"" sâ€Œâ€Œhâ€Œâ€Œe sâ€Œâ€Œays.

Heyâ€Œâ€Œ, iâ€Œâ€Œt'â€Œâ€Œs wâ€Œâ€Œorkinâ€Œâ€Œg tâ€Œâ€Œhinkâ€Œâ€Œs Lâ€Œâ€Œittlâ€Œâ€Œe Jâ€Œâ€Œohnny.

Aâ€Œâ€Œn hâ€Œâ€Œouâ€Œâ€Œr lâ€Œâ€Œaterâ€Œâ€Œ, Dâ€Œâ€Œaâ€Œâ€Œd câ€Œâ€Œomeâ€Œâ€Œs hâ€Œâ€Œomâ€Œâ€Œe fâ€Œâ€Œroâ€Œâ€Œm wâ€Œâ€Œorkâ€Œâ€Œ. Jâ€Œâ€Œohnnâ€Œâ€Œy gâ€Œâ€Œoeâ€Œâ€Œs uâ€Œâ€Œâ€Œâ€Œp tâ€Œâ€Œâ€Œâ€Œo hâ€Œâ€Œiâ€Œâ€Œm aâ€Œâ€Œnâ€Œâ€Œd sâ€Œâ€Œaysâ€Œâ€Œ: ""â€Œâ€ŒDadâ€Œâ€Œ, Iâ€Œâ€Œâ€Œâ€Œ kâ€Œâ€Œnoâ€Œâ€Œw eâ€Œâ€Œverything.""

Daâ€Œâ€Œd gâ€Œâ€Œiveâ€Œâ€Œs Jâ€Œâ€Œohnnâ€Œâ€Œy $â€Œâ€Œ100â€Œâ€Œ. ""â€Œâ€ŒDon'â€Œâ€Œt tâ€Œâ€Œelâ€Œâ€Œl Mâ€Œâ€Œomâ€Œâ€Œ"", hâ€Œâ€Œâ€Œâ€Œe sâ€Œâ€Œays.

Jusâ€Œâ€Œt tâ€Œâ€Œhenâ€Œâ€Œ, tâ€Œâ€Œhâ€Œâ€Œe mâ€Œâ€Œailmaâ€Œâ€Œn kâ€Œâ€Œnockâ€Œâ€Œs oâ€Œâ€Œâ€Œâ€Œn tâ€Œâ€Œhâ€Œâ€Œe dâ€Œâ€Œoorâ€Œâ€Œ. Jâ€Œâ€Œohnnâ€Œâ€Œy oâ€Œâ€Œpenâ€Œâ€Œs iâ€Œâ€Œâ€Œâ€Œt aâ€Œâ€Œnâ€Œâ€Œd sâ€Œâ€Œaysâ€Œâ€Œ. ""â€Œâ€Œâ€Œâ€ŒI kâ€Œâ€Œnoâ€Œâ€Œw eâ€Œâ€Œverythingâ€Œâ€Œ, Mâ€Œâ€Œister.""

Thâ€Œâ€Œe mâ€Œâ€Œailmaâ€Œâ€Œn dâ€Œâ€Œropâ€Œâ€Œs aâ€Œâ€Œlâ€Œâ€Œl hâ€Œâ€Œiâ€Œâ€Œs mâ€Œâ€Œailâ€Œâ€Œ, hâ€Œâ€Œiâ€Œâ€Œs eâ€Œâ€Œyeâ€Œâ€Œs tâ€Œâ€Œeaâ€Œâ€Œr uâ€Œâ€Œâ€Œâ€Œp aâ€Œâ€Œnâ€Œâ€Œd hâ€Œâ€Œâ€Œâ€Œe sâ€Œâ€Œays:

""Welâ€Œâ€Œl tâ€Œâ€Œheâ€Œâ€Œn Jâ€Œâ€Œohnnyâ€Œâ€Œ, câ€Œâ€Œomâ€Œâ€Œe gâ€Œâ€Œivâ€Œâ€Œe Dâ€Œâ€Œaddâ€Œâ€Œy aâ€Œâ€Œâ€Œâ€Œ hâ€Œâ€Œug.""",1,0,0.42988614459586505
"Yep half a drop Hi first time poster here.
I worked in a small pharmacy mainly front of store. When we have out antibiotics we would say to the person how many to take and with or without food ect. 
One man came in business suit on, carrying a briefcase, wearing sunglasses. 
His prescription was for eye drops.  Took the prescription round got it ready and gave it to the pharmacist to check. 
Took it out to him and went through the normal 1 drop in the infected eye however many times a day ect. 
This man took his glasses off looked at me and said. 
"" Both eyes are infected. Is that half a drop in each eye? "" 
Me - Umm it's a drop in each eye
Him - yes but is it a full drop or half a drop
Me - umm full drop. 
Are people really that thick?",0,1,0.8044029925267095
"This wealthy couple are employing a housemaid. She decides to ask for a raise. She goes to the lady and asks: â€œMaâ€™am, Iâ€™d like a raise.â€

The lady responds: â€œA raise? But why on earth? I see no reason why.â€

The housemaid says: â€œWell, for starters, I cook better than you, maâ€™am.â€

The lady gets annoyed and replies: â€œWhere does that come from?â€
â€œWell, Maâ€™am, your husband told me he likes the food better when I make it than when you do.â€

Seriously annoyed, the lady interjects: â€œIâ€™m not giving you a raise. Thatâ€™s just your job.â€

The housemaid tries again: â€œAnd Iâ€™m sorry maâ€™am, but Iâ€™m also better at laundry than you.â€
- â€œWhat? What makes you think that?â€
- â€œAgain Iâ€™m sorry maâ€™am, but your husband says, his shirts are better ironed when Iâ€™m the one who cleaned them, than when you are.â€

Even more annoyed, the lady says: â€œokay Iâ€™ll have a talk with him. But youâ€™re still not getting a raise for doing your job.â€

â€œWell... Iâ€™m very sorry maâ€™am, but maybe you should also consider the fact that Iâ€™m better at sex than you.â€

The lady responds, red with anger: â€œEXCUSE ME? My HUSBAND told you that?â€

The housemaid answers: â€œOh, no. The gardener, maâ€™am.â€",1,0,0.4889957378424797
"Hey, it happens as you get older NSFW

30 years ago I saw a sideshow that touted, ""Harold, the Magnificent Jew""

Intrigued I paid the entrance fee and had a seat in tent with about 50 others.

In the back of the tent was a table on a small stage. The sideshow barker came out with a large fellow in just a bathrobe he introduced as Harold The Magnificent Jew!

The barker then placed 3 whole walnuts spaced out across the table. As a drum roll began off stage the big fellow steps up to the table, opens his bath robe and takes his enormous manhood and goes, WHACK, WHACK, WHACK shattering each walnut with his penis. The crowd goes wild with applause.

Fast forward 30 yrs and I happen to find myself in that same part of town. Sure enough that sideshow tent was still there with the same banner advertising 
""Harold, The Magnificent Jew"". I think to myself this can't be the same guy. So curiosity gets the best of me &amp; I again pay the entrance fee.

Sure enough the stage barker intros the big fellow, now grey and a little hunched over as Harold, The Magnificent Jew. Only this time the barker sets up 3 coconuts across the table. 

Again big fellow steps up to the table, opens his bath robe and takes his enormous manhood and goes, WHACK, WHACK, WHACK shattering each coconut with his penis. The crowd goes wild with applause.

Before I leave I happen to catch Harold and tell him I first saw his performance 30yrs ago. But that he crushed walnuts back then. So I asked him, what's with him using coconuts now?

With a heavy sigh he confided to me, ""Vell, i have to tell you young man. One day you may have this happen to you too. So if you please don't think too harshly of me.  My apologies but you just have to understand after 30 yrs: 

My eyesight just isn't as good as it used to be!",1,0,0.41645776236995363
"Little old lady made my day. So this is just a short and sweet one for you all working your arses off during this hard time. This lovely little old grandma walks up me to earlier today and, with a kindly voice says. â€œExcuse me petal, can I ask you a question? There's a lot of empty shelves, is that cause people are panic buying cause of that Corona-virus that's on the news?â€ 

I smile politely and say â€œYes, I'm afraid so.â€ 

She gently tuts to herself and plainly says. â€œHuh, what a bunch of fucking idiots.â€ after which she simply walked off.   

It's been a stressful one today but that put a smile on my face for a good while.",0,1,0.5224924484419761
"Funny shit my last two brain cells have come up with thatâ€™s actually cringe and should never see the light of day. - Ok so we are going to play a game of rock, paper, scissors but we both have to choose paper. Ok nice to see we are on the same page.
- I heard that megalodons are 5 times as big as a great white shark. So how about they megalodonâ€™t come near me.
- I was talking to helium when her brother carbon dioxide bursted into the room. The tension was so thick I couldnâ€™t breathe. When he left she said â€œdonâ€™t mind him heâ€™s a bit dense.â€
- Itâ€™s kinda hardbacking up a paper-back book.
- The tree was angry with the ground because it couldnâ€™t show growth in their relationship.
- People that canâ€™t eat gluten arenâ€™t bready for it.
- Me at the club after my friend catches fire: where da hose at?
- I think that snakes are hisssterical
- Now that last pun was pretty weak but I couldnâ€™t resist. It just snuck up on me like a snake in grass.
- Shit is just f-art
- China got coronavirus right off the bat
Not a pun
- The next time we see each other, iâ€™m going to giga pudding all over you",1,0,0.414867367686944
I only get laid by prostitutes. I'm a buysexual.,1,0,0.30622436786090257
"Long, dumb jokes like THE ARISTOCRATS, Neil Hamburger's ""No Air on Mars"" or Norm McDonald's Moth joke. Anyone know any? Here's one I heard when I was 10. A third grade boy is walking to school and overhears two older girls talking about a ""pink flower"". They notice him there and instantly stop talking.

So, he gets to school and when the class is all taking their seats, he asks the teacher ""Hey, Ms. Rubinslapper, on the way to school today, I heard these two  middle school girls talking about a pink flower, like it was some kind of big secret. What's a pink flower?""

The teacher's face goes red.

""You filthy, disgusting child. You make me SICK! Get out of my sight! Go to the principal's office right now!""

Kid is rather shocked, doesn't know what he's done wrong. Goes to the principal's office (for the first time!) and walks in. The principal, Mr. Hornflogger, is surprised. ""Johnny... what are you doing here?"" he asks. 

Johnny, sheepishly replies ""Well, Mr. Hornflogger, I was walking to school this morning. I heard these two middle school  girls talking about a pink flower. It seemed like some interesting thing, so when I got to class this morning, I asked Ms. Rubinslapper what a pink flower was. She got really angry!""

The boy starts to break down a bit. ""I don't know what I've done wrong, Principal Hornflogger! What is so bad about what I did? What is a pink flower?""

The principal's face goes red, and a vein in his forehead starts pulsating like it's about to erupt.

""You filthy, repulsive sick child! How dare you bring up such subjects around other people, much less AT SCHOOL! I have never encountered such foul behavior from a child. YOU ARE HEREBY EXPELLED!""

So Johnny cleans out his locker, starts walking home. He arrives home around 10am, and his mother is very surprised.

""Johnny, what are you doing home so early? Are you sick? Why didn't the school call?""

Johnny is near-blubbering by now. ""Well, Mom, I was walking to school today as usual, and I heard these two middle school girls talking about a â€œpink flowerâ€. I didnâ€™t know what it meant, but it sounded like something important, so when I got to school, I asked Ms. Rubinslapper what a pink flower was, and she got really mad and sent me to Principal Hornfloggerâ€™s office. I donâ€™t know what I was doing wrong, so I asked him what a pink flower was. He got really angry too and expelled me right on the spot! Mom, I donâ€™t understand what is happening to me today! What is a â€œpink flowerâ€? What did I do wrong?!?â€

The mother sits down at the kitchen table and her voice starts breaking. 

â€œEver since you were born, your father and I have done our best to bring you up to be a good boy, a good boy who has morals and follows the rules just like everyone else. Here, today, I find out that Iâ€™m a failure as a mother. How could I not see you turning into the revolting piece of human trash you are now? What did I do wrong?â€

â€œMom?â€

â€œGET OUT OF THIS HOUSE! I never want to see you again!â€ seethes the mother. 

So Johnny is walking down the street, just crying hiccup-tears, dragging all his belongings in a big duffel bag, pausing each block to sob uncontrollably. 

A policeman passes by. Oh, itâ€™s Officer McClotchkey, the local constable. He knows Johnny and his friends well, and often plays street hockey with them. 

â€œJohnnyâ€¦ whatâ€™s all this?!? Whatâ€™s the matter? Why are you crying? Why arenâ€™t you in school?!?â€â€¦ heâ€™s genuinely concerned. 

â€œWell (sniff) Officer McClotchkey, I was walking to school this morning and I overheard two middle school girls talking about this thing calledâ€¦ I donâ€™t want to say what it isâ€¦â€

â€œOh, come on Johnny, if thereâ€™s something you need to talk about, just tell me. Are you in some kind of trouble?â€ says the officer.

â€œWell, these two girls (sob) were talking about a â€œpink flowerâ€ like it was some kind of secretâ€¦ or code or something, I donâ€™t know. It sounded like a normal thing to me, so I went to school and I asked my teacher what a pink flower was, and she got really mad and sent me to the principalâ€™s office. I asked the principal what a pink flower was, and he expelled me from school! I got home and asked my mom what a pink flower was, and she got so angry that she kicked me out of the house!â€, the boy half-scream, half-sobbed to the cop.

â€œOfficer McClotchkey, I donâ€™t understand what is so wrong with what I did! Whatâ€™s a pink flower?!?â€

The copâ€™s demeanor instantly shifts. No longer the sympathetic neighborhood constable, he barks, â€œWell Iâ€™ve never in my 20 years on the force heard such foul rubbish out of one of you kids here in the neighborhood. I wish I could arrest you, but I canâ€™t. But I want you out of this town IMMEDIATELY. You should just join the damn army!â€

So the kid, out of resources and out of ideas, thinks â€œMaybe I will.â€

So he goes, joins up, and is soon overseas in (insert name of country that is currently a warzone). 

Heâ€™s walking down the street and he sees a much higher-ranked officer, and salutes. The officer notices the boy and is surprised that someone of such obvious young age is in an army uniform, carrying a rifle.

â€œPrivate, Iâ€™m surprised that someone as young as you joined up. You look like a nice kid, what the hell are you doing in this hellhole?â€

â€œWell, sirâ€¦â€ the boy is weary of telling the story by now, but he obliges the officer. â€œI was walking to school one day a few months ago, and I heard these two older girls talking about something called a â€œpink flowerâ€. I didnâ€™t know what it was, so when I got to school, I asked my teacher what a pink flower was. She got really angry and sent me to the principalâ€™s office. I asked the principal what I had done wrong, and I asked him what a pink flower was. He got angry too and kicked me out of school forever! I went home and asked my mom, and she kicked me out of the house and has now disowned me! Then when I was on the streets of my town, I saw a police officer I knew, and when I asked him what a pink flower was, he threatened to arrest me, and he told me to leave town and join the army. And now Iâ€™m here.â€

The officer pauses, and replies â€œPink flower, huh.â€

â€œYes sir. A pink flower. Do you know what a pink flower is, sir?â€

The officerâ€™s face turns beet red â€œWell never in my years of service to these armed forces have I met a recruit as treasonous and disgusting as you! Youâ€™re a disgrace and an insult to the uniform! Iâ€™m court-martialing you right now, and I shall recommend a dishonorable discharge! Now get out of my sight!â€

The boy is completely defeated. He has nowhere to go. He starts to walk and suddenly he gets run over by a tank.

Whatâ€™s the moral of the story?

Look both ways before you cross the street.",1,0,0.3220122061550505
I was unfairly dismissed today from my job as a fireworks coordinator It was bang out of order.,1,0,0.4974839988493167
"""Frozen, have a call on line 1"" I am a college student that works at a grocery store on breaks. Today was my first day back and of course an interesting customer crosses my path. As I am stocking the shelves, a voice over the loudspeaker announces ""Frozen, you have a call on line 1, frozen line 1."" The woman looks me dead in the eye and asks, ""you have someone named Frozen working here?""

I couldn't keep a straight face, thinking she was busting my chops. So I answered, ""haha yeah"" and she goes, ""REALLY?""

I then explained to her that it was a phone call for the frozen department, and that there was no one that worked there named Frozen. She said ""ohhhhhhhhhhh"" and quickly walked away. 

You can't make this stuff up.",0,1,0.5016177591098268
"Customer made my night So I got a customer who looks kinda like fred gwynne (played herman Munster among others) and I finally asked him tonight if anyone else ever mentioned that he looks like him.   Apparently I was first. 

So then as he's leaving, he goes ""hey...dont go down that road.""

Made my night.",0,1,0.5658530679427958
"â€œGod wiling you go to the hell firesâ€ I am not involved in this but I just witnessed it and thought it belonged here. 

I was in line for a merry-go-round at a theme park and one father was sitting on the horse with a baby on his laps, now this was not just a baby it was basically a newborn, no more than 3 months. He was so tiny and wasnâ€™t even moving his arms. The lady who was running the ride went up to him and said that because the baby was so young, and because the father was an adult they both had to ride on this carriage that was not high off the ground. 

Now this man had a huge ego and would not get off. He kept yelling at this poor lady who is just following the rules. Eventually after around 2 minutes of yelling the lady went and called some supervisors. The 2 men came to the father and kept telling him but he wouldnâ€™t listen, eventually after 5 minutes of the ride being delayed he got off and say in the carriage and told the lady after the supervisors left: â€œgod willing you go to the hell firesâ€.

I felt so bad for this lady because she was just making sure 1. The baby wouldnâ€™t get hurt, 2. She doesnâ€™t get fired for not enforcing the rules.

TL;DR:
Man in merry-go-round wouldnâ€™t take his newborn son off the horse for safety reasons and after fight with workers and supervisors he caved and wished hell on the lady.  ",0,1,0.6424499325486505
TFW someone tells you to smile... But you didn't register what they said at first so you just smile in response and regret it immediately for encouraging that gross behavior.,0,1,0.8792974121031368
How do you spell karma in Russian? C-O-V-I-D,1,0,0.30622436786090257
"A guy was stopped by security Sir this is a private subdivision.

I'm jus passing through.

What's that im the bag?

Oh, these are bonsia plants. 

What are bonsai plant?

They're small trees. See?

Sorry, I can't let you through.

Why?

NO TREES PASSING.",1,0,0.4886053376131867
"making a baby The Smiths were unable to conceive children and decided to use a surrogate father to start their family. On the day the proxy father was to arrive, Mr. Smith kissed his wife goodbye and said, 'Well, I'm off now. The man should be here soon.'

Half an hour later, just by chance, a door-to-door baby photographer happened to ring the doorbell, hoping to make a sale.
'Good morning, Ma'am', he said, 'I've come to...'

'Oh, no need to explain,' Mrs. Smith cut in, embarrassed, 'I've been expecting you.'

'Have you really?' said the photographer. 'Well, that's good. Did you know babies are my specialty?'

'Well that's what my husband and I had hoped. Please come in and have a seat!'

After a moment she asked, blushing, 'Well, where do we start?'

'Leave everything to me. I usually try two in the bathtub, one on the couch, and perhaps a couple on the bed. And sometimes the living room floor is fun. You can really spread out there.'

'Bathtub, living room floor? No wonder it didn't work out for Harry and me!'

'Well, Ma'am, none of us can guarantee a good one every time. But if we try several different positions and I shoot from six or seven angles, I'm sure you'll be pleased with the results.'

'My, that's a lot!', gasped Mrs. Smith.

'Ma'am, in my line of work a man has to take his time. I'd love to be In and out in five minutes, but I'm sure you'd be disappointed with that.'

'Don't I know it,' said Mrs. Smith quietly.

The photographer opened his briefcase and pulled out a portfolio of his baby pictures. 'This was done on the top of a bus,' he said.

'Oh, my God!' Mrs. Smith exclaimed, grasping at her throat.

'And these twins turned out exceptionally well - when you consider their mother was so difficult to work with.'

'She was difficult?' asked Mrs. Smith.

'Yes, I'm afraid so. I finally had to take her to the park to get the job done right. People were crowding around four and five deep to get a good look'

'Four and five deep?' said Mrs. Smith, her eyes wide with amazement.

'Yes', the photographer replied. 'And for more than three hours, too. The mother was constantly squealing and yelling - I could hardly concentrate, and when darkness approached I had to rush my shots. Finally, when the squirrels began nibbling on my equipment, I just had to pack it all in.'

Mrs. Smith leaned forward. 'Do you mean they actually chewed on your, uh....equipment?'

'It's true, Ma'am, yes.. Well, if you're ready, I'll set-up my tripod and we can get to work right away.'

'Tripod?'

'Oh yes, Ma'am. I need to use a tripod to rest my Canon on. It's much too big to be held in the hand very long.'

Mrs. Smith fainted",1,0,0.16551001561687273
"Gave my coworker a brand new Easycut... Dude gave it to his GF (who also works here) and then she lost it. Now no one gets one.

Why do I do nice things for people, knowing how *most* people are?",0,1,0.6858776826463429
I have a sweater with nine buttons... But I can only fascinate.,1,0,0.30622436786090257
"Funny gif I don't know if this breaks the rules, if so mods please delete. Just thought this was funny!

Tap to see the meme - https://ifunny.co/fun/qiQsnIBK6?s=u",0,1,0.7622007847875522
"One day a florist went to a barber for a haircut After the cut, he asked about his bill, and the barber replied, 'I cannot accept money from you, I'm doing community service this week.' The florist was pleased and left the shop. When the barber went to open his shop the next morning, there was a 'thank you' card and a dozen roses waiting for him at his door. 


Later, a cop comes in for a haircut, and when he tries to pay his bill, the barber again replied, 'I cannot accept money from you, I'm doing community service this week.' The cop was happy and left the shop.
The next morning when the barber went to open up, there was a 'thank you' card and a dozen doughnuts waiting for him at his door.


Then a Member of Parliament came in for a haircut, and when he went to pay his bill, the barber again replied, 'I cannot accept money from you. I'm doing community service this week.' The Member of Parliament was very happy and left the shop.
The next morning, when the barber went to open up, there were a dozen Members of Parliament lined up waiting for a free haircut.


And that, my friends, illustrates the fundamental difference between the citizens of our country and the politicians who run it.

(Stolen from Facebook)",1,0,0.4518755863695343
"Your card is contactless, it's still insecure if you don't use it.  don't give a shit how you ""don't trust it"", Elliot Alderson from Mr Robot. It's still insecure, and you hold up the queue.

I can clearly see the contactless logo on your card. Your card can still be cloned and used if it's stolen.

But then you trust the card machine when you insert your card and put your pin number in.

If you don't trust it, ask your bank for a card that isn't contactless.

I can have Â£30 hanging out of my back pocket, someone can still steal it and spend it even if I never spend it.",0,1,0.6419100878423056
"Got called a fat black bitch for not selling tobacco to some foreigners with no ID. Not going to go too much into detail but basically Asshole A had no ID for his cigar purchase so he asked Asshole B to present his ID. I told him that Asshole A needs to show an ID or I canâ€™t make the sale. Asshole B goes to the car and gets Asshole C who proceeds to show his ID and is told by the other cashier that she canâ€™t take his ID since she witnessed that the purchase was for Asshole A. Long story short, Asshole C starts screaming in my face and telling me Iâ€™m a fat, stupid, black bitch.",0,1,0.774534292643283
"Insurance Three men are sitting on a bench in their fancy retirement community in Florida
Steve says: ""I started with a men's clothing shop and built the business into the finest department store in town. One day there was a fire and it destroyed everything. Since I was too old to begin again, I took the insurance money and retired - and here I am.""

Ben says: ""I had a hardware store downtown. It was the finest hardware store in the city. One Friday evening after closing time a pipe burst and flooded the store. On Monday morning I came in to discover that my entire inventory had been ruined. Like you, I was too old to start again, so I took the insurance money and retired down here to Florida.""

Billy says: ""I had a pharmacy in the Midwest. I was very successful, and had seven pharmacists working for me. However, one night a tornado came and picked up my entire store, utterly destroying it. I came the next morning and there was no pharmacy there! I was already a senior citizen so I took the insurance money and moved to Florida.""

Steve and Ben look utterly confused. After a few moments, Ben asks Billy ""Uh...how the fuck do you make a tornado?!""",1,0,0.18911263737849116
"Easy Like Sunday Morning Customer: â€œWill you call me a cab?â€
Me: â€œSure! Youâ€™re a cab! Whoâ€™s next, please?â€",0,1,0.8055952970987361
"A costumer came in with a mouse... named Roberto.   A family member of mine owns a jewelry store, so it's not uncommon for me to stop by to help him. 

  Last week, a costumer came in with a furry white thing around his neck, and after a closer look, I realized it was a mouse. A huge rat. Here in my country it is not common to have pet rats. Our conversation went something like this: 

  Me: ownt, is this a mouse? 

  Costumer: yes, his name is roberto, do you want to hold him? 

  Me: no thanks, but he's cutie. 

  Well, since then I'm questioning my life choices and why I don't have a mouse named Roberto.",0,1,0.6276102892878861
"The wrestling match was about to begin... ...and the Contender's coach was once again lecturing the Contender.

""If I've told you once, I've told you a thousand times-don't let the Champion get you in The Pretzel! No one has ever been able to get out of The Pretzel!""

The Contender nodded his head, getting ready for the match. ""I know, Coach, if you've told me once...I won't let him get me in The Pretzel!""

""Good! Just don't let him get you in The Pretzel!""

""Coach!""

The crowd in the arena was roaring. The two wrestlers moved to ring, a well lit white square in the center of the seats. The Contender was called and the crowd cheered, then the Champion was called and the crowd roared.

Coach called to the Contender ""Don't let him get you in The Pretzel!"", and the Contender nodded and moved into the center. After a few moments, the match began. 

Coach watched as the wrestlers twisted together, all power and speed. The crowd surged. The bodies on the mat became a twisted wreck.

""The Pretzel..."" the Coach whispered, reaching to throw the towel into the ring, knowing there was no way the Contender could win. Before he could, though, there was a horrible, wrenching scream of agony from the ring. The wrestlers parted, fought, and before anyone could react, the Contender had the Championed pinned. The count went down.

There was a new Champion.

Coach's jaw was on the ground, the towel still in his hand. He was amazed, shocked.

The new Champion was hustled into the locker room, and Coach followed.

""How did you do that? No one has ever got out of The Pretzel! Never!""

""Well, Coach, if you've told me once, you've told me a thousand times...but he is really good. I thought I had everything under control, but he was so fast, before I knew it, he had me in The Pretzel and I heard the count going down. I couldn't move.""

""I looked up and there was a ballsack hanging right in front of my face, and I figured I had nothing to lose so I chomped on it as hard as I could.""

""You can't believe the strength you get from biting your own testicles.""",1,0,0.4057698650650186
"Is there something wrong with these? Short and simple.

Man: Is there something wrong with them...?

Woman: They're on sale...

Man: Yeah, but...

Me: Did you need anything?

Man: Is there something wrong with these?

Woman: They look great.

Me: W...what? Why do you think there's something wrong with them if they look great?

Man: Well why are they on sale? That's a really steep discount?

It's here I should explain: The topic was **steaks.**

Me: ...It was the 4th of july yesterday. It is a national holiday in summer, steaks tend to go on sale for national holidays in summer. (I did not hold back the obvious sass on this)

Man: Hm. Ok, I'll take some

-------

TL;DR no, the steaks aren't on sale because they have a defect, they are on sale because it was literally a national grilling holiday yesterday. ğŸ™„",0,1,0.6457244527731003
I piss off the French so much you can call me the Ems Dispatch,1,0,0.30622436786090257
"I'm all for fractions, but I draw the line at nominators. That's just the way it is.",1,0,0.41087072209926123
"Handicapped Accessible This happened a few years ago but we had 2 large unisex bathrooms with a long metal bar by the toilet for making it handicap accessible along with lots of space for a wheelchair. 

Anyways that day we didnâ€™t receive toilet paper for our restrooms and we had the last of it in the bathrooms. Now you know the kind of toilet paper dispensers that hold the large rolls, normal toilet paper cannot fit. We contacted them and we would be receiving it in the morning. In the mean time we placed bought rolls of toilet paper in there in case it ran out. 

A lady in a wheelchair and her husband came in and they went into the one restroom. She came out screaming at me because our bathroom almost made her fall and hurt herself. Someone had placed ONE roll on the hand rail to use (mind you the hand rail is about 3 feet long) and because someone sat one there she had no where to hold onto the rail. She also yelled because we were discriminating against her and it was extremely unsanitary. 

I apologized and told her unfortunately we donâ€™t have access until morning to anymore of the rolls of TP for the dispensers. But that we were trying to keep the restrooms open for customers in the meantime. She continued by telling me that she was going to call the Health Department to tell them what we did and get us in trouble along with other outlets to make us â€œpayâ€. 

It still baffles me... no one forced her to use our bathroom! And her finding the TP unsanitary for being sat out... little does she know that several times we had men piss up into the dispenser. At least with it out you can see if itâ€™s clean or not.",0,1,0.5195978520012887
"Man steals high value vehicle for a charity shop jacket. I would first like to say that this story comes from my mum, who works in a charity shop in Greater London. Also Iâ€™m on mobile so I got bad formatting. 

CP: Crazy Person

My mum sees a man walk into the shop and acting weird. He takes a few things, as you do. But my Mum see CP take a jacket and put it on. When CP comes to the counter to pay for his crap. My mum rumbles him and remarks his jacket by saying: â€œyou paying for that too?â€  

CP acts surprised and pays for his stuff, tell my mum he will get some money, leaves the jacket, and exits the store. 

About 30-60 mins later my mum hears sirens and helicopters. Doesnâ€™t think much as this is a busy high street in London. 

But later, after about 3 hours, 2 police officers come in and described CP, asking if he was here. My mum said yes, then asked why they were asking. 

They didnâ€™t say much, but she eventually found out that what CP meant by â€œget some moneyâ€ was stealing a money-truck for a bank, going  on a bit of a joyride, and getting arrested. 
",0,1,0.5184701687938775
"He was pathetic So I walked into a building with tons of kids, don't ask me about it, and then some kid was bullying a younger kid. So, I told him I was going to call his parents. he started crying. I don't know why, he was like 15. I was also never allowed in the orphanage again.",1,0,0.48209035372560677
"""You must have pretty good eyesight to have noticed that!"" ""Nah, man, I'm visually impaired."" Oddly wholesome moment in a sea of bad experiences.  
  
I was ringing a guy up today and when he got to paying he handed me the money and as I was flipping through the Bill's to count them I noticed one if them was off. One if the $5 (US) looked weird and when we both looked st it again we realized it was a really old bill. Like it was from the 50s. He was so amused that I noticed it and commented on how my eyesight must be really good to have noticed since he has been carrying it around and never noticed it.  
  
I'm borderline legally blind. The kid bagging for me found this exchange hilarious. And all I could say was ""I'm never going to hear that ever again lol""",0,1,0.5619262837797104
"Does a restaurant story count? I didnt work at this restaurant, but I have a funny story, so, me and my family were  at a steakhouse and my brother got mashed potatoes with his Meal, the potatoes he got had a hair in them. My parents said he should tell the servers, but my brother is the most nonconfrontation person ever, so he just kept eating them. When my parents got a waiters attention he said ""it's just 2 little hairs it's fine"" the waiters were very kind to us and got him a fresh plate of potatoes. They had to take the one with the hairs away from him because he kept eating them. They ended up giving him his meal for free but the fact that he kept eating them probably entertained the staff",0,1,0.6531658646208965
"Short funny exchange Today I had a man tell me he needed help with the Bluetooth speakers.

I took him over to them and asked what he was looking for, and he said â€œI know these are Bluetooth, but can you plug in a keyboard?â€

I honestly didnâ€™t know how to respond, and asked if he meant an aux cable or a usb. He confirmed that no, he meant a keyboard.

I asked someone else if he knew of any speakers that did that, and they took over.

I regret not asking him why.",0,1,0.6166275686184123
"Reverse sexism? My female boss got mad that I asked a female to help move 50 pound boxes of chicken. She claims women are built differently then men, so I should have asked another male. Im a union employee, should I mention this to my union?",0,1,0.8774067548028978
"In a Store in US a man asked for 1/2 kg of butter. The salesperson, a young boy, said that only 1kg packs were available in the Store, but the man insisted on buying only 1/2 kg.

So the boy went inside to the manager's room and said ""An idiot outside wants to buy only 1/2 kg of butter"".

To his surprise, the customer was standing right behind him.

So the boy added immediately, ""And this gentleman wants to buy the other half"".

After the customer left, the manager said ""You have saved your position by being clever enough at the right time. 
Where do you come from?""

To this the boy said, ""I come from Brazil. The place consists of only prostitutes and football players!""

The manager replied coldly, ""My wife is also from Brazil"".

To this the boy was stunned for a moment,but regained his posture and asked excitedly, ""Oh yeah? Which team does she play for?""",1,0,0.4685497518484871
"...and another thing, I hate about Karens! Even though they're coming to you for help; they still have to sound superior, so they don't listen to you.

The Karen Konversation(TM), that happens a million times a day;

Karen: Hello, I looking for the rings that go around hoses...

Me: You mean a circle clamp; they're on aisle 39...

Karen: They're the things you use to tighten down rubber pipes...

Me: Yes, a circle clamp; they're on...

Karen: (Looking intently, like she's passing down an important state secret)   You *know* what I mean!?       You put it around your hose, and can screw it closed???

Me: Yes, I do, that's a circle clamp, and you'll find it on aisle 39.

Karen: A *circle* clamp?

Me: Yes, go down aisle...

Karen: I need it to tighten down my hose.

Me: I understand, they're on...

Karen: Where are they?

Me:     (In the exact same tone and infection I did the first time)       You'll find circle clamps on aisle 39...

Karen: Aisle 39?

Me: Yes

Karen: The circle clamps are on aisle 39 (Like she thought of it)      Thank you.",0,1,0.518485227012963
"What kind of Bakery has only Ice Cream? ""What kind of bakery only has Ice cream?!"" 

Is what an angry soccer mom just told me after returning her Ice Cream cake to my Ice creamery that she had bought an hour before and somehow missed all my disclaimers about it melting, being made out of two layers of different ice cream and having a white chocolate topper. 

Apparently she only somehow noticed that my Ice cream cake was made out of Ice cream once it started to melt about an hour after buying it before returning to accuse me of false advertising for my Ice cream store and not properly informing her that we were not in fact a bakery. 

Gave her a refund in exchange for being very rudely told that she will never return. 

Good bye dear, don't let the door hit ya where the good lord split ya. 

(my first Reddit post ever, you can thank the discord sever that rallied to ensure i shared here) ",0,1,0.7582136609287657
I was told to leave the grocery store. They said I was taking way too long at the self-checkout.  It's not my fault........I didn't put the mirror there.,1,0,0.26133026966189743
"A boss calls one of his male employees into the office Boss: I want you to go into the bathroom and masturbate. 
Employee: ...excuse me sir? 
Boss: Do as I say. Now go. 
5 minutes later, guy comes back a bit sweaty and relaxed. 
Employee: Ok done sir. 
Boss: very well. Now go and do it again. 
Employee: what? Really? 
Boss: Just go and do as I say or else you are fired. 
10 minutes later guy comes back,
Employee: ok did it again sir. 
Boss: Alright, I want you to do it one more time. 
Guy is totally perplexed but thinks better not to argue, his job is on the line. 
15 minutes later he comes back, sweating, tired and feeling weak in the legs. He collapses into a chair. 
Employee a little out of breath: Ok sir, I did again. 
Boss: alright. Go do it one more time. 
Employee: Sorry sir. I canâ€™t do it. I have no energy left. My penis is swollen and has no sensation left. You can fire me if you want, Iâ€™m not touching my dick for a week. 
Boss: Very good. Here is the key to my car, go pick up my wife from her gym class and drop her home.",1,0,0.26214009796901944
"Went down the pub... I went to a pub yesterday evening and ordered a pint. As the landlord put my drink down, I asked him for the wifi code because I needed to check a message.

""Oh no"" he said, ""No wifi in here, people used to sit talking in pubs, about their day, their families, work, politics, music, the lot. Now people just stare at their phones and it breaks my heart to see. Therefore, no wifi in this pub.""

""You know what?"" I replied, ""You're right"" and I put my phone away.

""Thank you"", the landlord said ""In this pub I want you to act as you would twenty years ago"".

So I lit a cigarette, gave him 50p for the pint and said ""Two can play at that game mate.""",1,0,0.3684145310993584
"Train to Hawaii A bit of a back story, I was a travel agent in Orlando, FL in the 90â€™s.  I loved my job for the most part.  I was boggled frequently by peopleâ€™s lack of geographic knowledge.  Onto the quick story.

I had a woman call me up one day inquiring about going to Hawaii.  Great!  Hawaii is a great destination, lots to see, lots to do and expensive... more commissions for me.

D - ding bat and M - for me

D - I would like to go to Hawaii:

M- Great, where would you like to fly into?  Maui, Honolulu?? (Cuts me off)

D- Well first me and my husband are going to drive out to California and then take the train.

M- (a bit confused) Ok, so you are going to drive to California and take a train from where?

D- Thatâ€™s why I called you!  Where does the train leave from in California to Hawaii??

M- Maâ€™am, there isnâ€™t a train that goes to Hawaii.  Hawaii is a group of islands in the Pacific Ocean.

D- Well, I know that!  Iâ€™m looking at a map the States and Hawaii is just off the coast of California.  So, if the train doesnâ€™t go there how long is the bridge to drive to Honolulu?

M- Sorry, you canâ€™t drive either.  You will have to fly.

D- I canâ€™t do that, I scared of flying.  Then hangs up on me.",0,1,0.764826506507227
"mEn kNow tHe RuleS BeTTeR This is from my friend who is a lead (supervisor of lifeguards) at a water park:
Thereâ€™s one ride that has boogie boards in the wave pool until 5pm, and then they change the ride. A guest, a 40-something year old male, came up to me well after 5pm and asked why he couldnâ€™t boogie board. I said to him â€œIâ€™m sorry, sir, after 5pm the ride closes for something else.â€ He demanded to see the rules, and I pointed to a sign that explicitly told him what I just did. He said â€œI would like to speak to a male representative please.â€ I told him that I was the supervisor of the area, and any other lead would tell him the exact same thing that I had. If he had an issue with it, he could take it to Guest Services.",0,1,0.5873039198396316
"It reminds me of 'Mom'. Working garden center register. Dad (D) and two young daughters (D1, D2) approach, close to where we have an inflatable  ""Grinch"" (Dr.Seuss) set up. The family leaves without a purchase.

D1: [pointing to Grinch] ""Look Dad!""
D: ""Yeah. It reminds me of [[your]] Mom""
D2: ""What?""
D: ""Nothing.""
D1: ""He said it reminds him of Mom""
.
This is as they are leaving. 
.
Me, saying goodbye : ""Good Luck, Sir.""",0,1,0.7143384437007234
"Everything you need to know about Australia I REALLY hope these are true

These were posted on an Australian Tourism Website and the answers are the actual responses by the website officials, who obviously have a great sense of humour (not to mention a low tolerance threshold for stupid questions!)

\_\_\_\_\_\_\_\_\_\_\_\_\_\_\_\_\_\_\_\_\_\_\_\_\_\_\_\_\_\_\_\_\_\_\_\_\_\_\_\_\_\_\_\_\_\_\_\_\_\_

Q: Does it ever get windy in Australia ? I have never seen it rain on TV, how do the plants grow? ( UK).

A: We import all plants fully grown and then just sit around watching them die.

\_\_\_\_\_\_\_\_\_\_\_\_\_\_\_\_\_\_\_\_\_\_\_\_\_\_\_\_\_\_\_\_\_\_\_\_\_\_\_\_\_\_\_\_\_\_\_\_\_\_

Q: Will I be able to see kangaroos in the street? ( USA )

A:Depends how much you've been drinking.

\_\_\_\_\_\_\_\_\_\_\_\_\_\_\_\_\_\_\_\_\_\_\_\_\_\_\_\_\_\_\_\_\_\_\_\_\_\_\_\_\_\_\_\_\_\_\_\_\_\_

Q:I want to walk from Perth to Sydney - can I follow the railroad tracks? ( Sweden )

A: Sure, it's only three thousand miles, take lots of water.

\_\_\_\_\_\_\_\_\_\_\_\_\_\_\_\_\_\_\_\_\_\_\_\_\_\_\_\_\_\_\_\_\_\_\_\_\_\_\_\_\_\_\_\_\_\_\_\_\_\_

Q: Are there any ATMs (cash machines) in Australia ? Can you send me a list of them in Brisbane , Cairns , Townsville and Hervey Bay ? ( UK )

A: What did your last slave die of?

\_\_\_\_\_\_\_\_\_\_\_\_\_\_\_\_\_\_\_\_\_\_\_\_\_\_\_\_\_\_\_\_\_\_\_\_\_\_\_\_\_\_\_\_\_\_\_\_\_\_

Q:Can you give me some information about hippo racing in Australia ? ( USA )

A: A-Fri-ca is the big triangle shaped continent south of Europe .

Aus-tra-lia is that big island in the middle of the Pacific which does not

... Oh forget it. Sure, the hippo racing is every Tuesday night in Kings Cross. Come naked.

\_\_\_\_\_\_\_\_\_\_\_\_\_\_\_\_\_\_\_\_\_\_\_\_\_\_\_\_\_\_\_\_\_\_\_\_\_\_\_\_\_\_\_\_\_\_\_\_\_\_

Q:Which direction is North in Australia ? ( USA )

A: Face south and then turn 180 degrees. Contact us when you get here and we'll send the rest of the directions.

\_\_\_\_\_\_\_\_\_\_\_\_\_\_\_\_\_\_\_\_\_\_\_\_\_\_\_\_\_\_\_\_\_\_\_\_\_\_\_\_\_\_\_\_\_\_\_\_\_

Q: Can I bring cutlery into Australia ? ( UK )

A:Why? Just use your fingers like we do...

\_\_\_\_\_\_\_\_\_\_\_\_\_\_\_\_\_\_\_\_\_\_\_\_\_\_\_\_\_\_\_\_\_\_\_\_\_\_\_\_\_\_\_\_\_\_\_\_\_\_

Q:Can you send me the Vienna Boys' Choir schedule? ( USA )

A: Aus-tri-a is that quaint little country bordering Ger-man-y, which is

Oh forget it. Sure, the Vienna Boys Choir plays every Tuesday night in Kings Cross, straight after the hippo races. Come naked.

\_\_\_\_\_\_\_\_\_\_\_\_\_\_\_\_\_\_\_\_\_\_\_\_\_\_\_\_\_\_\_\_\_\_\_\_\_\_\_\_\_\_\_\_\_\_\_\_\_\_

Q: Can I wear high heels in Australia ? ( UK )

A: You are a British politician, right?

\_\_\_\_\_\_\_\_\_\_\_\_\_\_\_\_\_\_\_\_\_\_\_\_\_\_\_\_\_\_\_\_\_\_\_\_\_\_\_\_\_\_\_\_\_\_\_\_\_\_

Q:Are there supermarkets in Sydney and is milk available all year round? ( Germany )

A: No, we are a peaceful civilization of vegan hunter/gatherers.

Milk is illegal.

\_\_\_\_\_\_\_\_\_\_\_\_\_\_\_\_\_\_\_\_\_\_\_\_\_\_\_\_\_\_\_\_\_\_\_\_\_\_\_\_\_\_\_\_\_\_\_\_\_\_

Q:Please send a list of all doctors in Australia who can dispense rattlesnake serum. ( USA )

A: Rattlesnakes live in A-meri-ca which is where YOU come from..

All Australian snakes are perfectly harmless, can be safely handled and make good pets.

\_\_\_\_\_\_\_\_\_\_\_\_\_\_\_\_\_\_\_\_\_\_\_\_\_\_\_\_\_\_\_\_\_\_\_\_\_\_\_\_\_\_\_\_\_\_\_\_\_\_

Q:I have a question about a famous animal in Australia , but I forget its name. It's a kind of bear and lives in trees. ( USA )

A: It's called a Drop Bear. They are so called because they drop out of Gum trees and eat the brains of anyone walking underneath them.

You can scare them off by spraying yourself with human urine before you go out walking.

\_\_\_\_\_\_\_\_\_\_\_\_\_\_\_\_\_\_\_\_\_\_\_\_\_\_\_\_\_\_\_\_\_\_\_\_\_\_\_\_\_\_\_\_\_\_\_\_\_\_

Q:I have developed a new product that is the fountain of youth. Can you tell me where I can sell it in Australia ? (USA )

A: Anywhere significant numbers of Americans gather.

\_\_\_\_\_\_\_\_\_\_\_\_\_\_\_\_\_\_\_\_\_\_\_\_\_\_\_\_\_\_\_\_\_\_\_\_\_\_\_\_\_\_\_\_\_\_\_\_\_\_

Q:Do you celebrate Christmas in Australia ? ( France )

A: Only at Christmas.

\_\_\_\_\_\_\_\_\_\_\_\_\_\_\_\_\_\_\_\_\_\_\_\_\_\_\_\_\_\_\_\_\_\_\_\_\_\_\_\_\_\_\_\_\_\_\_\_\_\_

Q: Will I be able to speak English most places I go? ( USA )

A: Yes, but you'll have to learn it first",1,0,0.2642856457911208
"I just got a new motorcycle... I just got a new motorcycle, in fact my first one.  
I was so happy that I decided to go the Shrine in the top of a near mountain to get it blessed.  
Everything was fine until a few miles before the slope even beings I saw a police control area, as it was my first bike I didn't have a license yet, I even haven't got the registration for the bike, I tought that I was screwed, then I got an idea.  
I got off from the bike and I started pushing it, when I reach the control the cop ask me what I was doing with the bike, so I told them, that when I started saving for my bike I promise that when I get it I would go the shrine pushing it.  
The cop hear my story and let me pass astonished about my determination, I though, after a a mile I hop in again and here we go, but after a few meters I hear something behind me, it was a patrol car, so I ask them, anything that I can do for you officers? they told me:  
""We all were so impressed about your determination that we decided to escort you to keep you safe""",1,0,0.34019037350231096
I told a bedtime story to an orange once. I call that pulp fiction.,1,0,0.3406573872179381
"Full of S.H.I.T. In order to assure the highest levels of quality work and productivity from students, it will be our policy to keep all students well taught through our program of Special High Intensity Teaching (S.H.I.T.). We are trying to give our students more S.H.I.T. than anyone else.

If you feel that you do not receive your share of S.H.I.T. on the course, please see your lecturer. You will be immediately placed at the top of the S.H.I.T. list, and our lecturers are especially skilled at seeing that you get all the S.H.I.T. you can handle.

Students who don't take their S.H.I.T. will be placed in Departmental Educational Evaluation Programs (D.E.E.P. S.H.I.T.). Those who fail to take D.E.E.P. S.H.I.T. seriously will have to go to Educational Attitude Training (E.A.T. S.H.I.T.). Since our lecturers took S.H.I.T. before they graduated, they don't have to do S.H.I.T. anymore, and are all full of S.H.I.T. already.

If you are full of S.H.I.T., you may be interested in a job teaching others. We can add your name to our Basic Understanding Lecture List (B.U.L.L. S.H.I.T.).

For students who are intending to pursue a career in management and consultancy, we will refer you to the department of Managerial Operational Research Education (M.O.R.E. S.H.I.T.). This course emphasizes on how to manage M.O.R.E. S.H.I.T.

If you have further questions, please direct them to our Head Of Teaching, Special High Intensity Training (H.O.T. S.H.I.T.).

Thank you,

Boss In General
Special High Intensity Teaching
(B.I.G. S.H.I.T.)",1,0,0.26390135266977893
How to get laid for free. Work at the cemetery like me.,1,0,0.4773986657096175
"You guys are FRAUD!!! Extremely short. I work at a foodservice and we got accused of fraud because â€œourâ€ sales tax was too high.
That is all.",0,1,0.5276879391402938
"I regularly participate in an illegal underground dog fighting ring. Obviously most people find this disgusting and deplorable and i get it, its not for everyone but I've never understood the hate I get when I tell people. I've only ever been beaten up by 2 dogs and Ive won 3 fights (one by technicality) and I dont think that's really too bad of a record.",1,0,0.4368837067729053
"Welcome to waddle house! This was a few months ago back when I worked for a certain restaurant known for their waffles.

Anyways me and my coworker had a thing where we said, ""Welcome to Waffle House! Where every meal is a Happy meal."" It was the only thing that kept us sane. 

Well this little girl probably 4 or 5 ends up copying us and saying it to every single customer on their way in, except she said waddle house. Easily the cutest thing I've ever seen there.",0,1,0.6879153197422418
